use NirvitiAI;

-- Supplier Table
INSERT INTO Supplier (supplierID, firstName, lastName, address, mobileNumber) VALUES
(1, 'John', 'Doe', '123 Main St, New York, NY', '9876543210'),
(2, 'Alice', 'Smith', '456 Oak St, Los Angeles, CA', '8765432109'),
(3, 'Michael', 'Johnson', '789 Pine St, Chicago, IL', '7654321098'),
(4, 'Emma', 'Brown', '321 Maple St, Houston, TX', '6543210987'),
(5, 'William', 'Davis', '654 Elm St, Phoenix, AZ', '5432109876'),
(6, 'Sophia', 'Miller', '987 Cedar St, San Francisco, CA', '4321098765'),
(7, 'James', 'Wilson', '159 Birch St, Miami, FL', '3210987654'),
(8, 'Olivia', 'Moore', '753 Spruce St, Dallas, TX', '2109876543'),
(9, 'Daniel', 'Anderson', '852 Walnut St, Seattle, WA', '1098765432'),
(10, 'Isabella', 'Taylor', '369 Aspen St, Denver, CO', '1987654321'),
(11, 'Benjamin', 'Martinez', '741 Hickory St, Boston, MA', '2876543210'),
(12, 'Charlotte', 'Harris', '258 Willow St, Atlanta, GA', '3765432109'),
(13, 'Ethan', 'Clark', '369 Redwood St, Detroit, MI', '4654321097'),
(14, 'Mia', 'Lewis', '147 Cypress St, Nashville, TN', '5543210987'),
(15, 'Alexander', 'Lee', '369 Cherry St, San Diego, CA', '6432109876'),
(16, 'Amelia', 'Walker', '963 Spruce St, Austin, TX', '7321098765'),
(17, 'Henry', 'Hall', '852 Mahogany St, Portland, OR', '8210987654'),
(18, 'Harper', 'Allen', '753 Palm St, Charlotte, NC', '9109876543'),
(19, 'Lucas', 'Young', '159 Fir St, San Jose, CA', '8098765432'),
(20, 'Evelyn', 'King', '951 Cedar St, Indianapolis, IN', '7987654321'),
(21, 'Jack', 'Wright', '258 Beech St, Columbus, OH', '6876543210'),
(22, 'Avery', 'Lopez', '357 Elmwood St, Milwaukee, WI', '5765432100'),
(23, 'Sebastian', 'Hill', '654 Maplewood St, Kansas City, MO', '4654321098'),
(24, 'Scarlett', 'Scott', '951 Redwood St, Jacksonville, FL', '3543210987'),
(25, 'Matthew', 'Green', '147 Willow St, Sacramento, CA', '2432109876'),
(26, 'Lily', 'Adams', '369 Spruce St, Louisville, KY', '1321098765'),
(27, 'David', 'Baker', '753 Oakwood St, Denver, CO', '0010987654'),
(28, 'Emily', 'Gonzalez', '852 Hickory St, Las Vegas, NV', '1009876543'),
(29, 'Logan', 'Nelson', '951 Cypress St, Albuquerque, NM', '2099765432'),
(30, 'Grace', 'Carter', '159 Cherry St, Raleigh, NC', '3987654381'),
(31, 'Joseph', 'Mitchell', '258 Palm St, Omaha, NE', '4876533210'),
(32, 'Zoe', 'Perez', '753 Fir St, Tulsa, OK', '5763432109'),
(33, 'Andrew', 'Roberts', '963 Mahogany St, Minneapolis, MN', '6654321198'),
(34, 'Natalie', 'Rodriguez', '147 Elm St, Virginia Beach, VA', '7543210187'),
(35, 'Samuel', 'Evans', '369 Maple St, New Orleans, LA', '8432209876'),
(36, 'Ella', 'Torres', '753 Birch St, Tampa, FL', '9321028765'),
(37, 'Owen', 'Parker', '852 Walnut St, Arlington, TX', '0210927654'),
(38, 'Aubrey', 'Collins', '951 Aspen St, Aurora, CO', '1109176543'),
(39, 'Jacob', 'Edwards', '258 Willow St, Wichita, KS', '2098765232'),
(40, 'Hannah', 'Stewart', '753 Redwood St, Cleveland, OH', '3947654321'),
(41, 'Ryan', 'Morris', '147 Cherry St, St. Louis, MO', '4876513210'),
(42, 'Addison', 'Morales', '369 Cypress St, Pittsburgh, PA', '5765732109'),
(43, 'Nathan', 'Murphy', '753 Spruce St, Cincinnati, OH', '6654321098'),
(44, 'Madison', 'Cook', '159 Maplewood St, Buffalo, NY', '7543218987'),
(45, 'Christopher', 'Rogers', '852 Elmwood St, Boise, ID', '8132109876'),
(46, 'Brooklyn', 'Reed', '951 Palm St, Anchorage, AK', '932158765'),
(47, 'Elijah', 'Bailey', '369 Fir St, Lexington, KY', '0210986554'),
(48, 'Sofia', 'Bell', '753 Mahogany St, Madison, WI', '1109876343'),
(49, 'Dylan', 'Gomez', '258 Walnut St, Birmingham, AL', '209165432'),
(50, 'Layla', 'Kelly', '147 Aspen St, Mesa, AZ', '39874554321'),
(51, 'Landon', 'Sanders', '369 Birch St, Norfolk, VA', '4876553210'),
(52, 'Victoria', 'Bryant', '852 Hickory St, Fresno, CA', '5765432109'),
(53, 'Jonathan', 'Cruz', '753 Oak St, Baton Rouge, LA', '6154321098'),
(54, 'Aaliyah', 'Patterson', '951 Cypress St, Richmond, VA', '7543310987'),
(55, 'Julian', 'Hughes', '369 Cherry St, Des Moines, IA', '8432509876'),
(56, 'Camila', 'Price', '147 Maple St, Reno, NV', '9321096765'),
(57, 'Isaac', 'Russell', '852 Spruce St, Spokane, WA', '0210187654'),
(58, 'Aurora', 'Diaz', '753 Fir St, Birmingham, AL', '1109276543'),
(59, 'Gabriel', 'Myers', '369 Mahogany St, Montgomery, AL', '2098735432'),
(60, 'Stella', 'Ford', '258 Palm St, Little Rock, AR', '3987624321'),
(61, 'Hunter', 'Hamilton', '951 Birch St, Augusta, GA', '4874543210'),
(62, 'Penelope', 'Graham', '753 Oakwood St, Tallahassee, FL', '1765432109'),
(63, 'Joshua', 'Sullivan', '369 Redwood St, Mobile, AL', '6654371098'),
(64, 'Riley', 'Wallace', '147 Willow St, Grand Rapids, MI', '7583210987'),
(65, 'Caleb', 'Woods', '258 Cypress St, Salt Lake City, UT', '8232109876'),
(66, 'Nora', 'Cole', '753 Hickory St, Jackson, MS', '9321098755'),
(67, 'Aaron', 'West', '369 Elm St, Charleston, SC', '0210987614'),
(68, 'Lillian', 'Jordan', '852 Maplewood St, Fort Wayne, IN', '2104876543'),
(69, 'Luke', 'Owens', '147 Cedar St, Knoxville, TN', '2098765412'),
(70, 'Aria', 'Reynolds', '753 Palm St, Amarillo, TX', '3987654421'),
(71, 'Levi', 'Fisher', '258 Birch St, Shreveport, LA', '4876544210'),
(72, 'Hazel', 'Ellis', '369 Redwood St, Springfield, MO', '5715432109'),
(73, 'Eli', 'Harrison', '147 Oakwood St, Fayetteville, NC', '3154321098'),
(74, 'Violet', 'Gibson', '258 Walnut St, Lubbock, TX', '7543215987'),
(75, 'Samuel', 'Alexander', '852 Fir St, Winston-Salem, NC', '8632109876'),
(76, 'Mason', 'Chapman', '963 Cedar St, Chesapeake, VA', '9321018765'),
(77, 'Luna', 'Garrett', '159 Maple St, Scottsdale, AZ', '0210986654'),
(78, 'Wyatt', 'Hudson', '258 Hickory St, Baton Rouge, LA', '1101876543'),
(79, 'Chloe', 'Lane', '753 Oak St, Boise, ID', '2098765422'),
(80, 'Nathaniel', 'Dean', '369 Birch St, Rochester, NY', '3487654321');

-- Pharmacy Table
INSERT INTO Pharmacy (pharmacyID, noOfItems, supplierID) VALUES
(1, 5, 12),
(2, 10, 3),
(3, 20, 7),
(4, 15, 25),
(5, 30, 10),
(6, 40, 35),
(7, 35, 5),
(8, 25, 40),
(9, 50, 15),
(10, 60, 8),
(11, 70, 20),
(12, 80, 30),
(13, 75, 18),
(14, 65, 50),
(15, 55, 22),
(16, 45, 32),
(17, 33, 70),
(18, 22, 11),
(19, 11, 44),
(20, 77, 6),
(21, 66, 21),
(22, 44, 55),
(23, 29, 39),
(24, 18, 9),
(25, 7, 77),
(26, 2, 66),
(27, 17, 33),
(28, 13, 26),
(29, 8, 14),
(30, 28, 19),
(31, 37, 48),
(32, 42, 60),
(33, 51, 80),
(34, 59, 67),
(35, 64, 3),
(36, 71, 16),
(37, 79, 1),
(38, 55, 73),
(39, 23, 9),
(40, 9, 58),
(41, 31, 24),
(42, 14, 36),
(43, 21, 47),
(44, 39, 70),
(45, 49, 42),
(46, 62, 33),
(47, 16, 29),
(48, 4, 20),
(49, 3, 50),
(50, 6, 61),
(51, 19, 45),
(52, 36, 54),
(53, 41, 72),
(54, 53, 37),
(55, 57, 13),
(56, 12, 68),
(57, 26, 4),
(58, 32, 27),
(59, 38, 14),
(60, 46, 9),
(61, 61, 63),
(62, 73, 55),
(63, 24, 32),
(64, 27, 8),
(65, 47, 46),
(66, 68, 78),
(67, 76, 40),
(68, 54, 51),
(69, 52, 69),
(70, 48, 23),
(71, 34, 2),
(72, 43, 10),
(73, 67, 49),
(74, 58, 28),
(75, 74, 31),
(76, 63, 26),
(77, 56, 41),
(78, 72, 59),
(79, 78, 17),
(80, 1, 79);

INSERT INTO Item (itemID, supplierID, name, quantity, expiryDate, pharmacyID) VALUES
(1, 1, 'Paracetamol 500mg', 100, '2026-06-15', 1),
(2, 2, 'Amoxicillin 250mg', 50, '2026-07-10', 2),
(3, 3, 'Cough Syrup', 75, '2027-01-20', 3),
(4, 4, 'Aspirin 100mg', 120, '2026-08-30', 4),
(5, 5, 'Vitamin C Tablets', 200, '2027-03-10', 5),
(6, 6, 'Ibuprofen 200mg', 80, '2026-09-25', 6),
(7, 7, 'Cetirizine 10mg', 90, '2027-04-18', 7),
(8, 8, 'Omeprazole 20mg', 110, '2026-11-05', 8),
(9, 9, 'Metformin 500mg', 130, '2027-06-30', 9),
(10, 10, 'Losartan 50mg', 70, '2026-10-15', 10),
(11, 1, 'Ranitidine 150mg', 60, '2027-02-22', 1),
(12, 2, 'Diclofenac Gel', 40, '2026-12-12', 2),
(13, 3, 'Calcium Supplements', 90, '2027-05-05', 3),
(14, 4, 'Multivitamin Capsules', 150, '2027-07-01', 4),
(15, 5, 'Folic Acid Tablets', 50, '2026-08-12', 5),
(16, 6, 'Antiseptic Cream', 75, '2026-10-20', 6),
(17, 7, 'Iron Tablets', 65, '2027-01-15', 7),
(18, 8, 'Cough Lozenges', 100, '2027-06-10', 8),
(19, 9, 'Loratadine 10mg', 85, '2026-12-30', 9),
(20, 10, 'Hydrocortisone Cream', 95, '2027-02-18', 10),
(21, 1, 'Insulin Injection', 45, '2026-07-07', 1),
(22, 2, 'B Complex Capsules', 150, '2026-09-17', 2),
(23, 3, 'Glucometer Strips', 70, '2027-03-28', 3),
(24, 4, 'Antifungal Powder', 80, '2026-11-10', 4),
(25, 5, 'Laxatives', 55, '2027-05-20', 5),
(26, 6, 'Sunscreen SPF 50', 95, '2027-07-15', 6),
(27, 7, 'Nasal Spray', 60, '2026-08-25', 7),
(28, 8, 'Ear Drops', 50, '2027-04-30', 8),
(29, 9, 'Antacid Tablets', 110, '2026-10-08', 9),
(30, 10, 'Pain Relief Patch', 100, '2027-06-14', 10),
(31, 1, 'Cough Expectorant', 75, '2027-01-22', 1),
(32, 2, 'Zinc Supplements', 85, '2026-12-05', 2),
(33, 3, 'Vitamin D3 Tablets', 130, '2027-02-28', 3),
(34, 4, 'Saline Nasal Drops', 65, '2026-09-30', 4),
(35, 5, 'Chlorhexidine Mouthwash', 50, '2027-03-05', 5),
(36, 6, 'Clotrimazole Cream', 70, '2026-11-25', 6),
(37, 7, 'Cetirizine Syrup', 95, '2027-04-14', 7),
(38, 8, 'Melatonin Tablets', 40, '2026-08-05', 8),
(39, 9, 'Antihistamine Tablets', 80, '2027-05-30', 9),
(40, 10, 'Charcoal Tablets', 110, '2026-10-22', 10),
(41, 1, 'Magnesium Supplements', 120, '2027-06-10', 1),
(42, 2, 'Probiotic Capsules', 75, '2026-09-12', 2),
(43, 3, 'Oral Rehydration Salts', 140, '2027-02-17', 3),
(44, 4, 'Corticosteroid Inhaler', 60, '2026-12-09', 4),
(45, 5, 'Loperamide Tablets', 95, '2027-04-22', 5),
(46, 6, 'Naproxen 250mg', 85, '2026-11-18', 6),
(47, 7, 'Antibiotic Ointment', 70, '2027-07-08', 7),
(48, 8, 'Pregnancy Test Kit', 50, '2026-08-30', 8),
(49, 9, 'Thermometer', 90, '2027-05-18', 9),
(50, 10, 'Burn Relief Gel', 100, '2026-10-05', 10),
(51, 1, 'Doxycycline 100mg', 65, '2027-02-10', 1),
(52, 2, 'Metronidazole 500mg', 75, '2026-12-15', 2),
(53, 3, 'Dextromethorphan Syrup', 55, '2027-03-20', 3),
(54, 4, 'Sodium Bicarbonate Tablets', 80, '2026-09-14', 4),
(55, 5, 'Nicotine Patches', 95, '2027-04-05', 5),
(56, 6, 'Warfarin 5mg', 40, '2026-11-30', 6),
(57, 7, 'Antidepressant Tablets', 70, '2027-07-01', 7),
(58, 8, 'Muscle Relaxant Cream', 60, '2026-08-22', 8),
(59, 9, 'Antifungal Shampoo', 110, '2027-05-10', 9),
(60, 10, 'Motion Sickness Tablets', 85, '2026-10-18', 10),
(61, 1, 'Baby Diapers', 120, '2027-06-20', 1),
(62, 2, 'Sterile Cotton Balls', 150, '2026-09-05', 2),
(63, 3, 'Hydrogen Peroxide Solution', 70, '2027-02-15', 3),
(64, 4, 'Antiviral Tablets', 65, '2026-12-22', 4),
(65, 5, 'Povidone-Iodine Solution', 90, '2027-04-28', 5),
(66, 6, 'Anti-Diarrheal Capsules', 80, '2026-11-10', 6),
(67, 7, 'Antibacterial Soap', 50, '2027-07-14', 7),
(68, 8, 'Eye Lubricant Drops', 75, '2026-08-12', 8),
(69, 9, 'Hyaluronic Acid Gel', 60, '2027-05-05', 9),
(70, 10, 'Sunburn Relief Spray', 85, '2026-10-25', 10),
(71, 1, 'First Aid Kit', 40, '2027-03-12', 1),
(72, 2, 'Antiseptic Wipes', 60, '2026-12-08', 2),
(73, 3, 'Cough & Cold Tablets', 90, '2027-04-15', 3),
(74, 4, 'Ear Wax Removal Drops', 55, '2026-09-20', 4),
(75, 5, 'Antibacterial Hand Gel', 80, '2027-05-18', 5),
(76, 6, 'Throat Lozenges', 100, '2026-11-02', 6),
(77, 7, 'Electrolyte Powder', 70, '2027-07-22', 7),
(78, 8, 'Allergy Relief Tablets', 85, '2026-08-28', 8),
(79, 9, 'Muscle Pain Relief Balm', 95, '2027-06-10', 9),
(80, 10, 'Fever Cooling Patches', 50, '2026-10-30', 10);

-- Patient Table
INSERT INTO Patient (patientID, firstName, lastName, age, gender, bloodGroup, allergies, primaryNo, secondaryNo, address, insuranceNumber) VALUES
(1, 'Amit', 'Sharma', 35, 'M', 'O+', 'Peanuts', '9876510001', '9876520001', 'Delhi, India', 'INS1001'),
(2, 'Neha', 'Verma', 28, 'F', 'A+', 'Dust', '9876510002', '9876520002', 'Mumbai, India', 'INS1002'),
(3, 'Ravi', 'Gupta', 40, 'M', 'B+', 'Pollen', '9876510003', '9876520003', 'Kolkata, India', 'INS1003'),
(4, 'Priya', 'Singh', 22, 'F', 'AB+', 'None', '9876510004', '9876520004', 'Chennai, India', 'INS1004'),
(5, 'Vikram', 'Mishra', 50, 'M', 'O-', 'Shellfish', '9876510005', '9876520005', 'Pune, India', 'INS1005'),
(6, 'Radhika', 'Bansal', 30, 'F', 'A-', 'Latex', '9876510006', '9876520006', 'Jaipur, India', 'INS1006'),
(7, 'Manish', 'Jain', 45, 'M', 'B-', 'None', '9876510007', '9876520007', 'Surat, India', 'INS1007'),
(8, 'Sonia', 'Kapoor', 29, 'F', 'AB-', 'Eggs', '9876510008', '9876520008', 'Bhopal, India', 'INS1008'),
(9, 'Anil', 'Yadav', 38, 'M', 'O+', 'Gluten', '9876510009', '9876520009', 'Lucknow, India', 'INS1009'),
(10, 'Meena', 'Rao', 41, 'F', 'A+', 'None', '9876510010', '9876520010', 'Nagpur, India', 'INS1010'),
(11, 'Suresh', 'Joshi', 55, 'M', 'B+', 'Dust', '9876510011', '9876520011', 'Indore, India', 'INS1011'),
(12, 'Kavita', 'Agarwal', 26, 'F', 'AB+', 'Nuts', '9876510012', '9876520012', 'Patna, India', 'INS1012'),
(13, 'Harish', 'Patel', 60, 'M', 'O-', 'Milk', '9876510013', '9876520013', 'Chandigarh, India', 'INS1013'),
(14, 'Divya', 'Malhotra', 34, 'F', 'A-', 'Soy', '9876510014', '9876520014', 'Goa, India', 'INS1014'),
(15, 'Ravi', 'Saxena', 27, 'M', 'B-', 'None', '9876510015', '9876520015', 'Shimla, India', 'INS1015'),
(16, 'Pooja', 'Chauhan', 39, 'F', 'AB-', 'Shellfish', '9876510016', '9876520016', 'Guwahati, India', 'INS1016'),
(17, 'Abhishek', 'Dutta', 47, 'M', 'O+', 'None', '9876510017', '9876520017', 'Mysore, India', 'INS1017'),
(18, 'Sanjay', 'Mehta', 31, 'M', 'A+', 'Pollen', '9876510018', '9876520018', 'Vadodara, India', 'INS1018'),
(19, 'Swati', 'Garg', 25, 'F', 'B+', 'None', '9876510019', '9876520019', 'Dehradun, India', 'INS1019'),
(20, 'Deepak', 'Bhatt', 58, 'M', 'AB+', 'Dust', '9876510020', '9876520020', 'Raipur, India', 'INS1020'),
(21, 'Arvind', 'Trivedi', 29, 'M', 'O-', 'None', '9876510021', '9876520021', 'Delhi, India', 'INS1021'),
(22, 'Komal', 'Arora', 23, 'F', 'A-', 'Milk', '9876510022', '9876520022', 'Mumbai, India', 'INS1022'),
(23, 'Prakash', 'Naidu', 53, 'M', 'B-', 'Nuts', '9876510023', '9876520023', 'Chennai, India', 'INS1023'),
(24, 'Anusha', 'Deshmukh', 31, 'F', 'AB-', 'Soy', '9876510024', '9876520024', 'Pune, India', 'INS1024'),
(25, 'Bhavesh', 'Rao', 45, 'M', 'O+', 'None', '9876510025', '9876520025', 'Jaipur, India', 'INS1025'),
(26, 'Chetan', 'Purohit', 40, 'M', 'A+', 'Pollen', '9876510026', '9876520026', 'Surat, India', 'INS1026'),
(27, 'Divya', 'Bhaskar', 27, 'F', 'B+', 'None', '9876510027', '9876520027', 'Lucknow, India', 'INS1027'),
(28, 'Esha', 'Joshi', 33, 'F', 'AB+', 'Eggs', '9876510028', '9876520028', 'Bhopal, India', 'INS1028'),
(29, 'Farhan', 'Siddiqui', 37, 'M', 'O-', 'Gluten', '9876510029', '9876520029', 'Indore, India', 'INS1029'),
(30, 'Gaurav', 'Sinha', 41, 'M', 'A-', 'None', '9876510030', '9876520030', 'Patna, India', 'INS1030'),
(31, 'Himani', 'Kapoor', 26, 'F', 'B-', 'Peanuts', '9876510031', '9876520031', 'Nagpur, India', 'INS1031'),
(32, 'Ishaan', 'Mehta', 49, 'M', 'AB-', 'None', '9876510032', '9876520032', 'Shimla, India', 'INS1032'),
(33, 'Jaya', 'Ahuja', 34, 'F', 'O+', 'Dust', '9876510033', '9876520033', 'Guwahati, India', 'INS1033'),
(34, 'Kartik', 'Malhotra', 28, 'M', 'A+', 'Milk', '9876510034', '9876520034', 'Mysore, India', 'INS1034'),
(35, 'Lavanya', 'Kohli', 43, 'F', 'B+', 'None', '9876510035', '9876520035', 'Vadodara, India', 'INS1035'),
(36, 'Manav', 'Sharma', 39, 'M', 'AB+', 'Seafood', '9876510036', '9876520036', 'Dehradun, India', 'INS1036'),
(37, 'Nisha', 'Bansal', 31, 'F', 'O-', 'Dust', '9876510037', '9876520037', 'Raipur, India', 'INS1037'),
(38, 'Omkar', 'Reddy', 54, 'M', 'A-', 'None', '9876510038', '9876520038', 'Delhi, India', 'INS1038'),
(39, 'Puneet', 'Mishra', 48, 'M', 'B-', 'Peanuts', '9876510039', '9876520039', 'Mumbai, India', 'INS1039'),
(40, 'Quresh', 'Ali', 35, 'M', 'O+', 'Pollen', '9876510040', '9876520040', 'Kolkata, India', 'INS1040'),
(41, 'Ramesh', 'Trivedi', 62, 'M', 'AB-', 'Shellfish', '9876510041', '9876520041', 'Chennai, India', 'INS1041'),
(42, 'Sanjana', 'Malik', 23, 'F', 'A+', 'None', '9876510042', '9876520042', 'Pune, India', 'INS1042'),
(43, 'Tushar', 'Kohli', 28, 'M', 'B+', 'Milk', '9876510043', '9876520043', 'Jaipur, India', 'INS1043'),
(44, 'Ujjwal', 'Mehta', 45, 'M', 'O-', 'Nuts', '9876510044', '9876520044', 'Surat, India', 'INS1044'),
(45, 'Vikas', 'Singh', 32, 'M', 'A-', 'Eggs', '9876510045', '9876520045', 'Lucknow, India', 'INS1045'),
(46, 'Anjali', 'Joshi', 27, 'F', 'B-', 'None', '9876510046', '9876520046', 'Bhopal, India', 'INS1046'),
(47, 'Brijesh', 'Kapoor', 58, 'M', 'AB+', 'Gluten', '9876510047', '9876520047', 'Nagpur, India', 'INS1047'),
(48, 'Chaitanya', 'Saxena', 41, 'M', 'O+', 'None', '9876510048', '9876520048', 'Indore, India', 'INS1048'),
(49, 'Diksha', 'Bansal', 33, 'F', 'A+', 'Dust', '9876510049', '9876520049', 'Patna, India', 'INS1049'),
(50, 'Eshan', 'Dutta', 26, 'M', 'B+', 'None', '9876510050', '9876520050', 'Chandigarh, India', 'INS1050'),
(51, 'Farah', 'Patel', 24, 'F', 'AB-', 'Soy', '9876510051', '9876520051', 'Goa, India', 'INS1051'),
(52, 'Ganesh', 'Yadav', 37, 'M', 'O-', 'Seafood', '9876510052', '9876520052', 'Shimla, India', 'INS1052'),
(53, 'Harpreet', 'Rao', 30, 'M', 'A-', 'None', '9876510053', '9876520053', 'Guwahati, India', 'INS1053'),
(54, 'Ishita', 'Garg', 28, 'F', 'B-', 'Milk', '9876510054', '9876520054', 'Mysore, India', 'INS1054'),
(55, 'Jayant', 'Bhatt', 56, 'M', 'AB+', 'Peanuts', '9876510055', '9876520055', 'Vadodara, India', 'INS1055'),
(56, 'Kirti', 'Malhotra', 34, 'F', 'O+', 'None', '9876510056', '9876520056', 'Dehradun, India', 'INS1056'),
(57, 'Lalit', 'Purohit', 43, 'M', 'A+', 'Dust', '9876510057', '9876520057', 'Raipur, India', 'INS1057'),
(58, 'Megha', 'Trivedi', 29, 'F', 'B+', 'Pollen', '9876510058', '9876520058', 'Delhi, India', 'INS1058'),
(59, 'Nitin', 'Desai', 38, 'M', 'AB-', 'None', '9876510059', '9876520059', 'Mumbai, India', 'INS1059'),
(60, 'Omar', 'Naidu', 31, 'M', 'O-', 'Shellfish', '9876510060', '9876520060', 'Kolkata, India', 'INS1060'),
(61, 'Payal', 'Chauhan', 50, 'F', 'A-', 'None', '9876510061', '9876520061', 'Chennai, India', 'INS1061'),
(62, 'Rajesh', 'Mehta', 36, 'M', 'B-', 'Eggs', '9876510062', '9876520062', 'Pune, India', 'INS1062'),
(63, 'Seema', 'Kapoor', 45, 'F', 'AB+', 'Dust', '9876510063', '9876520063', 'Jaipur, India', 'INS1063'),
(64, 'Tarun', 'Mishra', 40, 'M', 'O+', 'None', '9876510064', '9876520064', 'Surat, India', 'INS1064'),
(65, 'Usha', 'Singh', 55, 'F', 'A+', 'Pollen', '9876510065', '9876520065', 'Lucknow, India', 'INS1065'),
(66, 'Varun', 'Joshi', 42, 'M', 'B+', 'None', '9876510066', '9876520066', 'Bhopal, India', 'INS1066'),
(67, 'Waseem', 'Khan', 38, 'M', 'AB-', 'Soy', '9876510067', '9876520067', 'Nagpur, India', 'INS1067'),
(68, 'Xavier', 'Patel', 27, 'M', 'O-', 'Seafood', '9876510068', '9876520068', 'Indore, India', 'INS1068'),
(69, 'Yamini', 'Verma', 32, 'F', 'A-', 'None', '9876510069', '9876520069', 'Patna, India', 'INS1069'),
(70, 'Zaid', 'Dutta', 48, 'M', 'B-', 'Milk', '9876510070', '9876520070', 'Chandigarh, India', 'INS1070'),
(71, 'Asha', 'Yadav', 33, 'F', 'AB+', 'Peanuts', '9876510071', '9876520071', 'Goa, India', 'INS1071'),
(72, 'Bhanu', 'Rao', 39, 'M', 'O+', 'None', '9876510072', '9876520072', 'Shimla, India', 'INS1072'),
(73, 'Chirag', 'Sharma', 41, 'M', 'A+', 'Dust', '9876510073', '9876520073', 'Guwahati, India', 'INS1073'),
(74, 'Deepali', 'Malhotra', 28, 'F', 'B+', 'Pollen', '9876510074', '9876520074', 'Mysore, India', 'INS1074'),
(75, 'Eshwar', 'Bhatt', 54, 'M', 'AB-', 'None', '9876510075', '9876520075', 'Vadodara, India', 'INS1075'),
(76, 'Faizan', 'Khan', 29, 'M', 'O+', 'None', '9876510076', '9876520076', 'Delhi, India', 'INS1076'),
(77, 'Garima', 'Shah', 36, 'F', 'A-', 'Gluten', '9876510077', '9876520077', 'Mumbai, India', 'INS1077'),
(78, 'Harsh', 'Bajaj', 42, 'M', 'B+', 'Peanuts', '9876510078', '9876520078', 'Bangalore, India', 'INS1078'),
(79, 'Ira', 'Chopra', 25, 'F', 'AB-', 'Seafood', '9876510079', '9876520079', 'Pune, India', 'INS1079'),
(80, 'Jatin', 'Rastogi', 50, 'M', 'O-', 'Pollen', '9876510080', '9876520080', 'Jaipur, India', 'INS1080');

-- Department Table
INSERT INTO Department (departmentID, name, headDoctorID, location, numberOfStaffMembers) VALUES
(1, 'Cardiology', 1, 'Building A - Floor 2', 25),
(2, 'Neurology', 2, 'Building B - Floor 3', 20),
(3, 'Orthopedics', 3, 'Building C - Floor 1', 18),
(4, 'Pediatrics', 4, 'Building A - Floor 4', 22),
(5, 'Dermatology', 5, 'Building B - Floor 2', 15),
(6, 'Gastroenterology', 6, 'Building C - Floor 3', 17),
(7, 'Oncology', 7, 'Building A - Floor 5', 19),
(8, 'Ophthalmology', 8, 'Building B - Floor 1', 13),
(9, 'Pulmonology', 9, 'Building C - Floor 2', 16),
(10, 'Nephrology', 10, 'Building A - Floor 3', 14),
(11, 'Urology', 11, 'Building B - Floor 4', 12),
(12, 'Endocrinology', 12, 'Building C - Floor 5', 10),
(13, 'Hematology', 13, 'Building A - Floor 1', 11),
(14, 'Psychiatry', 14, 'Building B - Floor 5', 9),
(15, 'Rheumatology', 15, 'Building C - Floor 4', 8),
(16, 'Infectious Diseases', 16, 'Building A - Floor 2', 7),
(17, 'Allergy & Immunology', 17, 'Building B - Floor 3', 6),
(18, 'General Surgery', 18, 'Building C - Floor 1', 30),
(19, 'Plastic Surgery', 19, 'Building A - Floor 4', 28),
(20, 'Neonatology', 20, 'Building B - Floor 2', 24),
(21, 'Pain Management', 21, 'Building C - Floor 3', 22),
(22, 'Sports Medicine', 22, 'Building A - Floor 5', 20),
(23, 'Geriatrics', 23, 'Building B - Floor 1', 18),
(24, 'Anesthesiology', 24, 'Building C - Floor 2', 16),
(25, 'Emergency Medicine', 25, 'Building A - Floor 3', 14),
(26, 'Medical Genetics', 26, 'Building B - Floor 4', 12),
(27, 'Radiology', 27, 'Building C - Floor 5', 10),
(28, 'Otolaryngology', 28, 'Building A - Floor 1', 15),
(29, 'Family Medicine', 29, 'Building B - Floor 5', 13),
(30, 'Obstetrics & Gynecology', 30, 'Building C - Floor 4', 30),
(31, 'Vascular Surgery', 31, 'Building A - Floor 2', 25),
(32, 'Thoracic Surgery', 32, 'Building B - Floor 3', 20),
(33, 'Colon & Rectal Surgery', 33, 'Building C - Floor 1', 18),
(34, 'Rehabilitation Medicine', 34, 'Building A - Floor 4', 22),
(35, 'Nuclear Medicine', 35, 'Building B - Floor 2', 15),
(36, 'Hyperbaric Medicine', 36, 'Building C - Floor 3', 17),
(37, 'Toxicology', 37, 'Building A - Floor 5', 19),
(38, 'Sleep Medicine', 38, 'Building B - Floor 1', 13),
(39, 'Hospice & Palliative Medicine', 39, 'Building C - Floor 2', 16),
(40, 'Clinical Pharmacology', 40, 'Building A - Floor 3', 14),
(41, 'Adolescent Medicine', 41, 'Building B - Floor 4', 12),
(42, 'Critical Care Medicine', 42, 'Building C - Floor 5', 10),
(43, 'Gastrointestinal Surgery', 43, 'Building A - Floor 1', 11),
(44, 'Hand Surgery', 44, 'Building B - Floor 5', 9),
(45, 'Limb Lengthening & Reconstruction', 45, 'Building C - Floor 4', 8),
(46, 'Burn Care', 46, 'Building A - Floor 2', 7),
(47, 'Spinal Surgery', 47, 'Building B - Floor 3', 6),
(48, 'Trauma Surgery', 48, 'Building C - Floor 1', 30),
(49, 'Head & Neck Surgery', 49, 'Building A - Floor 4', 28),
(50, 'Endoscopic Surgery', 50, 'Building B - Floor 2', 24),
(51, 'Pediatric Surgery', 51, 'Building C - Floor 3', 22),
(52, 'Laparoscopic Surgery', 52, 'Building A - Floor 5', 20),
(53, 'Neurosurgery', 53, 'Building B - Floor 1', 18),
(54, 'Cardiothoracic Surgery', 54, 'Building C - Floor 2', 16),
(55, 'Hepato-Pancreato-Biliary Surgery', 55, 'Building A - Floor 3', 14),
(56, 'Minimally Invasive Surgery', 56, 'Building B - Floor 4', 12),
(57, 'Gastrointestinal Oncology', 57, 'Building C - Floor 5', 10),
(58, 'Lung Transplant Surgery', 58, 'Building A - Floor 1', 15),
(59, 'Kidney Transplant Surgery', 59, 'Building B - Floor 5', 13),
(60, 'Liver Transplant Surgery', 60, 'Building C - Floor 4', 30),
(61, 'Pancreas Transplant Surgery', 61, 'Building A - Floor 2', 25),
(62, 'Heart Transplant Surgery', 62, 'Building B - Floor 3', 20),
(63, 'Plastic & Reconstructive Surgery', 63, 'Building C - Floor 1', 18),
(64, 'Microvascular Surgery', 64, 'Building A - Floor 4', 22),
(65, 'Pediatric Cardiac Surgery', 65, 'Building B - Floor 2', 15),
(66, 'Cardiovascular Medicine', 66, 'Building C - Floor 3', 17),
(67, 'Interventional Radiology', 67, 'Building A - Floor 5', 19),
(68, 'Musculoskeletal Radiology', 68, 'Building B - Floor 1', 13),
(69, 'Gastrointestinal Radiology', 69, 'Building C - Floor 2', 16),
(70, 'Neuroradiology', 70, 'Building A - Floor 3', 14),
(71, 'Emergency Radiology', 71, 'Building B - Floor 4', 12),
(72, 'Pediatric Radiology', 72, 'Building C - Floor 5', 10),
(73, 'Chest Radiology', 73, 'Building A - Floor 1', 11),
(74, 'Breast Imaging', 74, 'Building B - Floor 5', 9),
(75, 'Ultrasound Imaging', 75, 'Building C - Floor 4', 8),
(76, 'X-ray Imaging', 76, 'Building A - Floor 2', 7),
(77, 'Magnetic Resonance Imaging (MRI)', 77, 'Building B - Floor 3', 6),
(78, 'Computed Tomography (CT) Scan', 78, 'Building C - Floor 1', 30),
(79, 'Positron Emission Tomography (PET) Scan', 79, 'Building A - Floor 4', 28),
(80, 'Interventional Pulmonology', 80, 'Building B - Floor 2', 24);

-- Doctor Table
INSERT INTO Doctor (doctorID, firstName, lastName, specialization, mobileNumber, experience, departmentID, availabilityStatus) VALUES
(1, 'Amit', 'Sharma', 'Cardiologist', '9876543201', 15, 1, TRUE),
(2, 'Neha', 'Verma', 'Neurologist', '9876543202', 12, 2, TRUE),
(3, 'Rajesh', 'Gupta', 'Orthopedic Surgeon', '9876543203', 18, 3, TRUE),
(4, 'Priya', 'Singh', 'Dermatologist', '9876543204', 10, 4, FALSE),
(5, 'Vikram', 'Mishra', 'Oncologist', '9876543205', 20, 5, TRUE),
(6, 'Radhika', 'Bansal', 'Pediatrician', '9876543206', 8, 6, TRUE),
(7, 'Manish', 'Jain', 'General Surgeon', '9876543207', 14, 7, FALSE),
(8, 'Sonia', 'Kapoor', 'Gynecologist', '9876543208', 11, 8, TRUE),
(9, 'Anil', 'Yadav', 'Endocrinologist', '9876543209', 9, 9, TRUE),
(10, 'Meena', 'Rao', 'Psychiatrist', '9876543210', 13, 10, FALSE),
(11, 'Suresh', 'Joshi', 'Urologist', '9876543211', 16, 1, TRUE),
(12, 'Kavita', 'Agarwal', 'Nephrologist', '9876543212', 10, 2, TRUE),
(13, 'Harish', 'Patel', 'Pulmonologist', '9876543213', 19, 3, FALSE),
(14, 'Divya', 'Malhotra', 'Radiologist', '9876543214', 7, 4, TRUE),
(15, 'Ravi', 'Saxena', 'Anesthesiologist', '9876543215', 12, 5, TRUE),
(16, 'Pooja', 'Chauhan', 'ENT Specialist', '9876543216', 14, 6, FALSE),
(17, 'Abhishek', 'Dutta', 'Hematologist', '9876543217', 15, 7, TRUE),
(18, 'Sanjay', 'Mehta', 'Rheumatologist', '9876543218', 18, 8, TRUE),
(19, 'Swati', 'Garg', 'Ophthalmologist', '9876543219', 9, 9, FALSE),
(20, 'Deepak', 'Bhatt', 'Gastroenterologist', '9876543220', 20, 10, TRUE),
(21, 'Sunita', 'Tiwari', 'Cardiologist', '9876543221', 12, 1, TRUE),
(22, 'Ashok', 'Panday', 'Neurologist', '9876543222', 13, 2, FALSE),
(23, 'Ramesh', 'Desai', 'Orthopedic Surgeon', '9876543223', 15, 3, TRUE),
(24, 'Anita', 'Shukla', 'Dermatologist', '9876543224', 11, 4, TRUE),
(25, 'Ajay', 'Verma', 'Oncologist', '9876543225', 19, 5, FALSE),
(26, 'Kirti', 'Singh', 'Pediatrician', '9876543226', 7, 6, TRUE),
(27, 'Vinay', 'Gupta', 'General Surgeon', '9876543227', 10, 7, TRUE),
(28, 'Seema', 'Rawat', 'Gynecologist', '9876543228', 13, 8, FALSE),
(29, 'Gaurav', 'Madaan', 'Endocrinologist', '9876543229', 9, 9, TRUE),
(30, 'Nidhi', 'Kapoor', 'Psychiatrist', '9876543230', 16, 10, TRUE),
(31, 'Rajiv', 'Kohli', 'Urologist', '9876543231', 17, 1, FALSE),
(32, 'Megha', 'Sinha', 'Nephrologist', '9876543232', 11, 2, TRUE),
(33, 'Pankaj', 'Bajpai', 'Pulmonologist', '9876543233', 20, 3, TRUE),
(34, 'Ritu', 'Taneja', 'Radiologist', '9876543234', 6, 4, FALSE),
(35, 'Siddharth', 'Rai', 'Anesthesiologist', '9876543235', 12, 5, TRUE),
(36, 'Preeti', 'Goyal', 'ENT Specialist', '9876543236', 14, 6, TRUE),
(37, 'Aman', 'Dubey', 'Hematologist', '9876543237', 15, 7, FALSE),
(38, 'Arun', 'Batra', 'Rheumatologist', '9876543238', 18, 8, TRUE),
(39, 'Shruti', 'Jain', 'Ophthalmologist', '9876543239', 9, 9, TRUE),
(40, 'Tarun', 'Saxena', 'Gastroenterologist', '9876543240', 21, 10, FALSE),
(41, 'Sneha', 'Joshi', 'Cardiologist', '9876543241', 10, 1, TRUE),
(42, 'Yash', 'Bhardwaj', 'Neurologist', '9876543242', 14, 2, TRUE),
(43, 'Vikas', 'Saxena', 'Orthopedic Surgeon', '9876543243', 19, 3, FALSE),
(44, 'Neetu', 'Rajput', 'Dermatologist', '9876543244', 11, 4, TRUE),
(45, 'Saket', 'Goel', 'Oncologist', '9876543245', 18, 5, TRUE),
(46, 'Deepika', 'Mathur', 'Pediatrician', '9876543246', 9, 6, FALSE),
(47, 'Naveen', 'Malik', 'General Surgeon', '9876543247', 10, 7, TRUE),
(48, 'Simran', 'Chopra', 'Gynecologist', '9876543248', 13, 8, TRUE),
(49, 'Umesh', 'Pahwa', 'Endocrinologist', '9876543249', 9, 9, FALSE),
(50, 'Rahul', 'Kaul', 'Psychiatrist', '9876543250', 16, 10, TRUE),
(51, 'Monica', 'Kapoor', 'Urologist', '9876543251', 17, 1, TRUE),
(52, 'Rajat', 'Mehra', 'Nephrologist', '9876543252', 11, 2, FALSE),
(53, 'Shivani', 'Tyagi', 'Pulmonologist', '9876543253', 20, 3, TRUE),
(54, 'Karan', 'Sethi', 'Radiologist', '9876543254', 8, 4, TRUE),
(55, 'Alok', 'Chaturvedi', 'Anesthesiologist', '9876543255', 12, 5, FALSE),
(56, 'Tanisha', 'Reddy', 'ENT Specialist', '9876543256', 15, 6, TRUE),
(57, 'Ishan', 'Saxena', 'Hematologist', '9876543257', 16, 7, TRUE),
(58, 'Rohit', 'Bose', 'Rheumatologist', '9876543258', 18, 8, FALSE),
(59, 'Sanya', 'Dhar', 'Ophthalmologist', '9876543259', 9, 9, TRUE),
(60, 'Kunal', 'Joshi', 'Gastroenterologist', '9876543260', 21, 10, TRUE),
(61, 'Arvind', 'Trivedi', 'Cardiologist', '9876543261', 12, 1, TRUE),
(62, 'Komal', 'Arora', 'Neurologist', '9876543262', 14, 2, FALSE),
(63, 'Prakash', 'Naidu', 'Orthopedic Surgeon', '9876543263', 19, 3, TRUE),
(64, 'Anusha', 'Deshmukh', 'Dermatologist', '9876543264', 10, 4, TRUE),
(65, 'Bhavesh', 'Rao', 'Oncologist', '9876543265', 21, 5, FALSE),
(66, 'Chetan', 'Purohit', 'Pediatrician', '9876543266', 7, 6, TRUE),
(67, 'Divya', 'Bhaskar', 'General Surgeon', '9876543267', 15, 7, TRUE),
(68, 'Esha', 'Joshi', 'Gynecologist', '9876543268', 9, 8, FALSE),
(69, 'Farhan', 'Siddiqui', 'Endocrinologist', '9876543269', 8, 9, TRUE),
(70, 'Gaurav', 'Sinha', 'Psychiatrist', '9876543270', 13, 10, TRUE),
(71, 'Himani', 'Kapoor', 'Urologist', '9876543271', 14, 1, FALSE),
(72, 'Ishaan', 'Mehta', 'Nephrologist', '9876543272', 12, 2, TRUE),
(73, 'Jaya', 'Ahuja', 'Pulmonologist', '9876543273', 18, 3, TRUE),
(74, 'Kartik', 'Malhotra', 'Radiologist', '9876543274', 7, 4, FALSE),
(75, 'Lavanya', 'Kohli', 'Anesthesiologist', '9876543275', 16, 5, TRUE),
(76, 'Manav', 'Sharma', 'ENT Specialist', '9876543276', 14, 6, TRUE),
(77, 'Nisha', 'Bansal', 'Hematologist', '9876543277', 17, 7, FALSE),
(78, 'Omkar', 'Reddy', 'Rheumatologist', '9876543278', 20, 8, TRUE),
(79, 'Puneet', 'Mishra', 'Ophthalmologist', '9876543279', 10, 9, TRUE),
(80, 'Quresh', 'Ali', 'Gastroenterologist', '9876543280', 22, 10, FALSE);

-- Staff Table
INSERT INTO Staff (staffID, departmentID, firstName, lastName, role, mobileNumber, address) VALUES
(1, 1, 'John', 'Doe', 'Manager', '9876543210', '123 Main St, New York, NY'),
(2, 2, 'Alice', 'Smith', 'Engineer', '8765432109', '456 Oak St, Los Angeles, CA'),
(3, 3, 'Michael', 'Johnson', 'Technician', '7654321098', '789 Pine St, Chicago, IL'),
(4, 4, 'Emma', 'Brown', 'HR', '6543210987', '321 Maple St, Houston, TX'),
(5, 1, 'William', 'Davis', 'Supervisor', '5432109876', '654 Elm St, Phoenix, AZ'),
(6, 2, 'Sophia', 'Miller', 'Analyst', '4321098765', '987 Cedar St, San Francisco, CA'),
(7, 3, 'James', 'Wilson', 'Developer', '3210987654', '159 Birch St, Miami, FL'),
(8, 4, 'Olivia', 'Moore', 'Receptionist', '2109876543', '753 Spruce St, Dallas, TX'),
(9, 1, 'Daniel', 'Anderson', 'Clerk', '1098765432', '852 Walnut St, Seattle, WA'),
(10, 2, 'Isabella', 'Taylor', 'Consultant', '1987654321', '369 Aspen St, Denver, CO'),
(11, 3, 'Benjamin', 'Martinez', 'Manager', '2876543210', '741 Hickory St, Boston, MA'),
(12, 4, 'Charlotte', 'Harris', 'Engineer', '3765432109', '258 Willow St, Atlanta, GA'),
(13, 1, 'Ethan', 'Clark', 'Technician', '4654321098', '369 Redwood St, Detroit, MI'),
(14, 2, 'Mia', 'Lewis', 'HR', '5543210987', '147 Cypress St, Nashville, TN'),
(15, 3, 'Alexander', 'Lee', 'Supervisor', '6432109876', '369 Cherry St, San Diego, CA'),
(16, 4, 'Amelia', 'Walker', 'Analyst', '7321098765', '963 Spruce St, Austin, TX'),
(17, 1, 'Henry', 'Hall', 'Developer', '8210987654', '852 Mahogany St, Portland, OR'),
(18, 2, 'Harper', 'Allen', 'Receptionist', '9109876543', '753 Palm St, Charlotte, NC'),
(19, 3, 'Lucas', 'Young', 'Clerk', '8098765432', '159 Fir St, San Jose, CA'),
(20, 4, 'Evelyn', 'King', 'Consultant', '7987654321', '951 Cedar St, Indianapolis, IN'),
(21, 1, 'Jack', 'Wright', 'Manager', '6876543210', '258 Beech St, Columbus, OH'),
(22, 2, 'Avery', 'Lopez', 'Engineer', '5765432109', '357 Elmwood St, Milwaukee, WI'),
(23, 3, 'Sebastian', 'Hill', 'Technician', '4654321098', '654 Maplewood St, Kansas City, MO'),
(24, 4, 'Scarlett', 'Scott', 'HR', '3543210987', '951 Redwood St, Jacksonville, FL'),
(25, 1, 'Matthew', 'Green', 'Supervisor', '2432109876', '147 Willow St, Sacramento, CA'),
(26, 2, 'Lily', 'Adams', 'Analyst', '1321098765', '369 Spruce St, Louisville, KY'),
(27, 3, 'David', 'Baker', 'Developer', '0210987654', '753 Oakwood St, Denver, CO'),
(28, 4, 'Emily', 'Gonzalez', 'Receptionist', '1109876543', '852 Hickory St, Las Vegas, NV'),
(29, 1, 'Logan', 'Nelson', 'Clerk', '2098765432', '951 Cypress St, Albuquerque, NM'),
(30, 2, 'Grace', 'Carter', 'Consultant', '3987654321', '159 Cherry St, Raleigh, NC'),
(31, 3, 'Joseph', 'Mitchell', 'Manager', '4876543210', '258 Palm St, Omaha, NE'),
(32, 4, 'Zoe', 'Perez', 'Engineer', '5765432109', '753 Fir St, Tulsa, OK'),
(33, 1, 'Andrew', 'Roberts', 'Technician', '6654321098', '963 Mahogany St, Minneapolis, MN'),
(34, 2, 'Natalie', 'Rodriguez', 'HR', '7543210987', '147 Elm St, Virginia Beach, VA'),
(35, 3, 'Samuel', 'Evans', 'Supervisor', '8432109876', '369 Maple St, New Orleans, LA'),
(36, 4, 'Ella', 'Torres', 'Analyst', '9321098765', '753 Birch St, Tampa, FL'),
(37, 1, 'Owen', 'Parker', 'Developer', '0210987654', '852 Walnut St, Arlington, TX'),
(38, 2, 'Aubrey', 'Collins', 'Receptionist', '1109876543', '951 Aspen St, Aurora, CO'),
(39, 3, 'Jacob', 'Edwards', 'Clerk', '2098765432', '258 Willow St, Wichita, KS'),
(40, 4, 'Hannah', 'Stewart', 'Consultant', '3987654321', '753 Redwood St, Cleveland, OH'),
(41, 1, 'Ryan', 'Morris', 'Manager', '4876543210', '147 Cherry St, St. Louis, MO'),
(42, 2, 'Addison', 'Morales', 'Engineer', '5765432109', '369 Cypress St, Pittsburgh, PA'),
(43, 3, 'Nathan', 'Murphy', 'Technician', '6654321098', '753 Spruce St, Cincinnati, OH'),
(44, 4, 'Madison', 'Cook', 'HR', '7543210987', '159 Maplewood St, Buffalo, NY'),
(45, 1, 'Christopher', 'Rogers', 'Supervisor', '8432109876', '852 Elmwood St, Boise, ID'),
(46, 2, 'Brooklyn', 'Reed', 'Analyst', '9321098765', '951 Palm St, Anchorage, AK'),
(47, 3, 'Elijah', 'Bailey', 'Developer', '0210987654', '369 Fir St, Lexington, KY'),
(48, 4, 'Sofia', 'Bell', 'Receptionist', '1109876543', '753 Mahogany St, Madison, WI'),
(49, 1, 'Dylan', 'Gomez', 'Clerk', '2098765432', '258 Walnut St, Birmingham, AL'),
(50, 2, 'Layla', 'Kelly', 'Consultant', '3987654321', '147 Aspen St, Mesa, AZ'),
(51, 3, 'Landon', 'Sanders', 'Manager', '4876543210', '369 Birch St, Norfolk, VA'),
(52, 4, 'Victoria', 'Bryant', 'Engineer', '5765432109', '852 Hickory St, Fresno, CA'),
(53, 1, 'Jonathan', 'Cruz', 'Technician', '6654321098', '753 Oak St, Baton Rouge, LA'),
(54, 2, 'Aaliyah', 'Patterson', 'HR', '7543210987', '951 Cypress St, Richmond, VA'),
(55, 3, 'Julian', 'Hughes', 'Supervisor', '8432109876', '369 Cherry St, Des Moines, IA'),
(56, 4, 'Camila', 'Price', 'Analyst', '9321098765', '147 Maple St, Reno, NV'),
(57, 1, 'Isaac', 'Russell', 'Developer', '0210987654', '753 Oakwood St, Tallahassee, FL'),
(58, 2, 'Penelope', 'Griffin', 'Receptionist', '1109876543', '258 Redwood St, Salt Lake City, UT'),
(59, 3, 'Gabriel', 'Diaz', 'Clerk', '2098765432', '951 Beech St, Little Rock, AR'),
(60, 4, 'Hazel', 'Hayes', 'Consultant', '3987654321', '369 Spruce St, Charleston, WV'),
(61, 1, 'Levi', 'Bennett', 'Manager', '4876543210', '147 Mahogany St, Omaha, NE'),
(62, 2, 'Violet', 'Wood', 'Engineer', '5765432109', '753 Hickory St, Columbia, SC'),
(63, 3, 'Eli', 'Barnes', 'Technician', '6654321098', '852 Fir St, Providence, RI'),
(64, 4, 'Aurora', 'Ross', 'HR', '7543210987', '159 Willow St, Montgomery, AL'),
(65, 1, 'Connor', 'Henderson', 'Supervisor', '8432109876', '369 Cedar St, Jackson, MS'),
(66, 2, 'Stella', 'Coleman', 'Analyst', '9321098765', '258 Cypress St, Louisville, KY'),
(67, 3, 'Theodore', 'Jenkins', 'Developer', '0210987654', '951 Maple St, Tulsa, OK'),
(68, 4, 'Lillian', 'Perry', 'Receptionist', '1109876543', '753 Aspen St, Durham, NC'),
(69, 1, 'Hunter', 'Powell', 'Clerk', '2098765432', '369 Birch St, Anchorage, AK'),
(70, 2, 'Zoey', 'Long', 'Consultant', '3987654321', '258 Cherry St, Boise, ID'),
(71, 3, 'Christian', 'Patterson', 'Manager', '4876543210', '147 Oak St, Baton Rouge, LA'),
(72, 4, 'Lucy', 'Flores', 'Engineer', '5765432109', '753 Elm St, Richmond, VA'),
(73, 1, 'Thomas', 'Washington', 'Technician', '6654321098', '852 Hickory St, Des Moines, IA'),
(74, 2, 'Paisley', 'Butler', 'HR', '7543210987', '159 Redwood St, Reno, NV'),
(75, 3, 'Charles', 'Simmons', 'Supervisor', '8432109876', '951 Spruce St, Spokane, WA'),
(76, 4, 'Eliana', 'Foster', 'Analyst', '9321098765', '369 Palm St, Chattanooga, TN'),
(77, 1, 'Jeremiah', 'Gonzales', 'Developer', '0210987654', '753 Cypress St, Fort Wayne, IN'),
(78, 2, 'Savannah', 'Bryant', 'Receptionist', '1109876543', '258 Mahogany St, Modesto, CA'),
(79, 3, 'Lincoln', 'Alexander', 'Clerk', '2098765432', '951 Maplewood St, Tacoma, WA'),
(80, 4, 'Everly', 'Ward', 'Consultant', '3987654321', '147 Willow St, Huntsville, AL');

-- Laboratory Table
INSERT INTO Laboratory (labID, testName, testAvailable, testCost, labTechnicianID) VALUES
(1, 'Blood Test', TRUE, 500.00, 1),
(2, 'Urine Test', TRUE, 300.00, 2),
(3, 'X-Ray', TRUE, 1000.00, 3),
(4, 'MRI Scan', TRUE, 5000.00, 4),
(5, 'CT Scan', TRUE, 4500.00, 5),
(6, 'ECG', TRUE, 1200.00, 6),
(7, 'Lipid Profile', TRUE, 800.00, 7),
(8, 'Liver Function Test', TRUE, 900.00, 8),
(9, 'Kidney Function Test', TRUE, 950.00, 9),
(10, 'Thyroid Test', TRUE, 700.00, 10),
(11, 'CBC Test', TRUE, 600.00, 1),
(12, 'Vitamin D Test', TRUE, 1100.00, 2),
(13, 'Vitamin B12 Test', TRUE, 1050.00, 3),
(14, 'Glucose Test', TRUE, 500.00, 4),
(15, 'Hemoglobin Test', TRUE, 400.00, 5),
(16, 'Dengue Test', TRUE, 1300.00, 6),
(17, 'Malaria Test', TRUE, 1250.00, 7),
(18, 'COVID-19 Test', TRUE, 1500.00, 8),
(19, 'HIV Test', TRUE, 2000.00, 9),
(20, 'Hepatitis B Test', TRUE, 2200.00, 10),
(21, 'Pregnancy Test', TRUE, 350.00, 1),
(22, 'Stool Test', TRUE, 500.00, 2),
(23, 'Allergy Test', TRUE, 3000.00, 3),
(24, 'Rheumatoid Arthritis Test', TRUE, 1700.00, 4),
(25, 'Bone Density Test', TRUE, 2100.00, 5),
(26, 'Electrolyte Test', TRUE, 1150.00, 6),
(27, 'Sodium Test', TRUE, 900.00, 7),
(28, 'Potassium Test', TRUE, 850.00, 8),
(29, 'Cholesterol Test', TRUE, 800.00, 9),
(30, 'PSA Test', TRUE, 2000.00, 10),
(31, 'CA-125 Test', TRUE, 2500.00, 1),
(32, 'TSH Test', TRUE, 750.00, 2),
(33, 'T3 Test', TRUE, 700.00, 3),
(34, 'T4 Test', TRUE, 700.00, 4),
(35, 'H. Pylori Test', TRUE, 1800.00, 5),
(36, 'Lactic Acid Test', TRUE, 1400.00, 6),
(37, 'Testosterone Test', TRUE, 1900.00, 7),
(38, 'Estrogen Test', TRUE, 1950.00, 8),
(39, 'Progesterone Test', TRUE, 2000.00, 9),
(40, 'Hematocrit Test', TRUE, 500.00, 10),
(41, 'Serum Iron Test', TRUE, 1600.00, 1),
(42, 'Ferritin Test', TRUE, 1550.00, 2),
(43, 'Cortisol Test', TRUE, 1800.00, 3),
(44, 'CRP Test', TRUE, 1400.00, 4),
(45, 'ESR Test', TRUE, 650.00, 5),
(46, 'Albumin Test', TRUE, 900.00, 6),
(47, 'Globulin Test', TRUE, 850.00, 7),
(48, 'Bilirubin Test', TRUE, 950.00, 8),
(49, 'Uric Acid Test', TRUE, 700.00, 9),
(50, 'BUN Test', TRUE, 750.00, 10),
(51, 'Creatinine Test', TRUE, 850.00, 1),
(52, 'Amylase Test', TRUE, 1300.00, 2),
(53, 'Lipase Test', TRUE, 1350.00, 3),
(54, 'Troponin Test', TRUE, 2500.00, 4),
(55, 'D-Dimer Test', TRUE, 2800.00, 5),
(56, 'Fibrinogen Test', TRUE, 2600.00, 6),
(57, 'Insulin Test', TRUE, 2400.00, 7),
(58, 'C-Peptide Test', TRUE, 2300.00, 8),
(59, 'Glucose Tolerance Test', TRUE, 1000.00, 9),
(60, 'Folic Acid Test', TRUE, 900.00, 10),
(61, 'Beta-HCG Test', TRUE, 1200.00, 1),
(62, 'Zinc Test', TRUE, 1100.00, 2),
(63, 'Copper Test', TRUE, 1050.00, 3),
(64, 'Magnesium Test', TRUE, 1000.00, 4),
(65, 'Phosphorus Test', TRUE, 950.00, 5),
(66, 'Alkaline Phosphatase Test', TRUE, 850.00, 6),
(67, 'Serum Calcium Test', TRUE, 800.00, 7),
(68, 'Chlamydia Test', TRUE, 1900.00, 8),
(69, 'Gonorrhea Test', TRUE, 1950.00, 9),
(70, 'Syphilis Test', TRUE, 2000.00, 10),
(71, 'Rubella Test', TRUE, 1800.00, 1),
(72, 'CMV Test', TRUE, 1850.00, 2),
(73, 'EBV Test', TRUE, 1900.00, 3),
(74, 'Tuberculosis Test', TRUE, 2200.00, 4),
(75, 'Leukemia Test', TRUE, 5000.00, 5),
(76, 'Hemophilia Test', TRUE, 4500.00, 6),
(77, 'Sickle Cell Anemia Test', TRUE, 4000.00, 7),
(78, 'Thalassemia Test', TRUE, 3500.00, 8),
(79, 'Multiple Myeloma Test', TRUE, 3000.00, 9),
(80, 'Bone Marrow Biopsy', TRUE, 6000.00, 10);

INSERT INTO Bed (bedNumber, bedType, wardNumber, availabilityStatus, patientID) VALUES
(1, 'Single', 1, TRUE, NULL),
(2, 'Double', 1, FALSE, 1),
(3, 'Single', 1, TRUE, NULL),
(4, 'Double', 2, TRUE, NULL),
(5, 'Single', 2, FALSE, 2),
(6, 'Double', 3, TRUE, NULL),
(7, 'Single', 3, FALSE, 3),
(8, 'Double', 4, TRUE, NULL),
(9, 'Single', 4, TRUE, NULL),
(10, 'Double', 5, FALSE, 4),
(11, 'Single', 5, TRUE, NULL),
(12, 'Single', 6, TRUE, NULL),
(13, 'Double', 6, FALSE, 5),
(14, 'Single', 7, TRUE, NULL),
(15, 'Double', 7, TRUE, NULL),
(16, 'Single', 8, FALSE, 6),
(17, 'Double', 8, TRUE, NULL),
(18, 'Single', 9, TRUE, NULL),
(19, 'Double', 9, FALSE, 7),
(20, 'Single', 10, TRUE, NULL),
(21, 'Single', 10, TRUE, NULL),
(22, 'Double', 11, FALSE, 8),
(23, 'Single', 11, TRUE, NULL),
(24, 'Double', 12, TRUE, NULL),
(25, 'Single', 12, TRUE, NULL),
(26, 'Single', 13, FALSE, 9),
(27, 'Double', 13, TRUE, NULL),
(28, 'Single', 14, TRUE, NULL),
(29, 'Double', 14, FALSE, 10),
(30, 'Single', 15, TRUE, NULL),
(31, 'Double', 15, TRUE, NULL),
(32, 'Single', 16, FALSE, 11),
(33, 'Double', 16, TRUE, NULL),
(34, 'Single', 17, TRUE, NULL),
(35, 'Double', 17, FALSE, 12),
(36, 'Single', 18, TRUE, NULL),
(37, 'Double', 18, TRUE, NULL),
(38, 'Single', 19, TRUE, NULL),
(39, 'Double', 19, FALSE, 13),
(40, 'Single', 20, TRUE, NULL),
(41, 'Single', 21, TRUE, NULL),
(42, 'Double', 21, TRUE, NULL),
(43, 'Single', 22, FALSE, 14),
(44, 'Double', 22, TRUE, NULL),
(45, 'Single', 23, TRUE, NULL),
(46, 'Double', 23, FALSE, 15),
(47, 'Single', 24, TRUE, NULL),
(48, 'Double', 24, TRUE, NULL),
(49, 'Single', 25, TRUE, NULL),
(50, 'Double', 25, FALSE, 16),
(51, 'Single', 26, TRUE, NULL),
(52, 'Double', 26, TRUE, NULL),
(53, 'Single', 27, FALSE, 17),
(54, 'Double', 27, TRUE, NULL),
(55, 'Single', 28, TRUE, NULL),
(56, 'Double', 28, TRUE, NULL),
(57, 'Single', 29, FALSE, 18),
(58, 'Double', 29, TRUE, NULL),
(59, 'Single', 30, TRUE, NULL),
(60, 'Double', 30, TRUE, NULL),
(61, 'Single', 31, FALSE, 19),
(62, 'Double', 31, TRUE, NULL),
(63, 'Single', 32, TRUE, NULL),
(64, 'Double', 32, TRUE, NULL),
(65, 'Single', 33, TRUE, NULL),
(66, 'Double', 33, FALSE, 20),
(67, 'Single', 34, TRUE, NULL),
(68, 'Double', 34, TRUE, NULL),
(69, 'Single', 35, TRUE, NULL),
(70, 'Double', 35, FALSE, 21),
(71, 'Single', 36, TRUE, NULL),
(72, 'Double', 36, TRUE, NULL),
(73, 'Single', 37, FALSE, 22),
(74, 'Double', 37, TRUE, NULL),
(75, 'Single', 38, TRUE, NULL),
(76, 'Double', 38, TRUE, NULL),
(77, 'Single', 39, FALSE, 23),
(78, 'Double', 39, TRUE, NULL),
(79, 'Single', 40, TRUE, NULL),
(80, 'Double', 40, TRUE, NULL);

-- Appointment Table
INSERT INTO Appointment (appointmentID, patientID, doctorID, dateTime, status) VALUES
(1, 1, 1, '2025-02-16 09:00:00', 'Scheduled'),
(2, 2, 2, '2025-02-16 09:30:00', 'Completed'),
(3, 3, 3, '2025-02-16 10:00:00', 'Scheduled'),
(4, 4, 4, '2025-02-16 10:30:00', 'Cancelled'),
(5, 5, 5, '2025-02-16 11:00:00', 'Scheduled'),
(6, 6, 6, '2025-02-16 11:30:00', 'Completed'),
(7, 7, 7, '2025-02-16 12:00:00', 'Scheduled'),
(8, 8, 8, '2025-02-16 12:30:00', 'Cancelled'),
(9, 9, 9, '2025-02-16 13:00:00', 'Scheduled'),
(10, 10, 10, '2025-02-16 13:30:00', 'Completed'),
(11, 11, 11, '2025-02-16 14:00:00', 'Scheduled'),
(12, 12, 12, '2025-02-16 14:30:00', 'Cancelled'),
(13, 13, 13, '2025-02-16 15:00:00', 'Scheduled'),
(14, 14, 14, '2025-02-16 15:30:00', 'Completed'),
(15, 15, 15, '2025-02-16 16:00:00', 'Scheduled'),
(16, 16, 16, '2025-02-16 16:30:00', 'Cancelled'),
(17, 17, 17, '2025-02-16 17:00:00', 'Scheduled'),
(18, 18, 18, '2025-02-16 17:30:00', 'Completed'),
(19, 19, 19, '2025-02-16 18:00:00', 'Scheduled'),
(20, 20, 20, '2025-02-16 18:30:00', 'Cancelled'),
(21, 21, 21, '2025-02-17 09:00:00', 'Scheduled'),
(22, 22, 22, '2025-02-17 09:30:00', 'Completed'),
(23, 23, 23, '2025-02-17 10:00:00', 'Scheduled'),
(24, 24, 24, '2025-02-17 10:30:00', 'Cancelled'),
(25, 25, 25, '2025-02-17 11:00:00', 'Scheduled'),
(26, 26, 26, '2025-02-17 11:30:00', 'Completed'),
(27, 27, 27, '2025-02-17 12:00:00', 'Scheduled'),
(28, 28, 28, '2025-02-17 12:30:00', 'Cancelled'),
(29, 29, 29, '2025-02-17 13:00:00', 'Scheduled'),
(30, 30, 30, '2025-02-17 13:30:00', 'Completed'),
(31, 31, 31, '2025-02-17 14:00:00', 'Scheduled'),
(32, 32, 32, '2025-02-17 14:30:00', 'Cancelled'),
(33, 33, 33, '2025-02-17 15:00:00', 'Scheduled'),
(34, 34, 34, '2025-02-17 15:30:00', 'Completed'),
(35, 35, 35, '2025-02-17 16:00:00', 'Scheduled'),
(36, 36, 36, '2025-02-17 16:30:00', 'Cancelled'),
(37, 37, 37, '2025-02-17 17:00:00', 'Scheduled'),
(38, 38, 38, '2025-02-17 17:30:00', 'Completed'),
(39, 39, 39, '2025-02-17 18:00:00', 'Scheduled'),
(40, 40, 40, '2025-02-17 18:30:00', 'Cancelled'),
(41, 41, 41, '2025-02-18 09:00:00', 'Scheduled'),
(42, 42, 42, '2025-02-18 09:30:00', 'Completed'),
(43, 43, 43, '2025-02-18 10:00:00', 'Scheduled'),
(44, 44, 44, '2025-02-18 10:30:00', 'Cancelled'),
(45, 45, 45, '2025-02-18 11:00:00', 'Scheduled'),
(46, 46, 46, '2025-02-18 11:30:00', 'Completed'),
(47, 47, 47, '2025-02-18 12:00:00', 'Scheduled'),
(48, 48, 48, '2025-02-18 12:30:00', 'Cancelled'),
(49, 49, 49, '2025-02-18 13:00:00', 'Scheduled'),
(50, 50, 50, '2025-02-18 13:30:00', 'Completed'),
(51, 51, 51, '2025-02-18 14:00:00', 'Scheduled'),
(52, 52, 52, '2025-02-18 14:30:00', 'Cancelled'),
(53, 53, 53, '2025-02-18 15:00:00', 'Scheduled'),
(54, 54, 54, '2025-02-18 15:30:00', 'Completed'),
(55, 55, 55, '2025-02-18 16:00:00', 'Scheduled'),
(56, 56, 56, '2025-02-18 16:30:00', 'Cancelled'),
(57, 57, 57, '2025-02-18 17:00:00', 'Scheduled'),
(58, 58, 58, '2025-02-18 17:30:00', 'Completed'),
(59, 59, 59, '2025-02-18 18:00:00', 'Scheduled'),
(60, 60, 60, '2025-02-18 18:30:00', 'Cancelled'),
(61, 61, 61, '2025-02-19 09:00:00', 'Scheduled'),
(62, 62, 62, '2025-02-19 09:30:00', 'Completed'),
(63, 63, 63, '2025-02-19 10:00:00', 'Scheduled'),
(64, 64, 64, '2025-02-19 10:30:00', 'Cancelled'),
(65, 65, 65, '2025-02-19 11:00:00', 'Scheduled'),
(66, 66, 66, '2025-02-19 11:30:00', 'Completed'),
(67, 67, 67, '2025-02-19 12:00:00', 'Scheduled'),
(68, 68, 68, '2025-02-19 12:30:00', 'Cancelled'),
(69, 69, 69, '2025-02-19 13:00:00', 'Scheduled'),
(70, 70, 70, '2025-02-19 13:30:00', 'Completed'),
(71, 71, 71, '2025-02-19 14:00:00', 'Scheduled'),
(72, 72, 72, '2025-02-19 14:30:00', 'Cancelled'),
(73, 73, 73, '2025-02-19 15:00:00', 'Scheduled'),
(74, 74, 74, '2025-02-19 15:30:00', 'Completed'),
(75, 75, 75, '2025-02-19 16:00:00', 'Scheduled'),
(76, 76, 76, '2025-02-19 16:30:00', 'Cancelled'),
(77, 77, 77, '2025-02-19 17:00:00', 'Scheduled'),
(78, 78, 78, '2025-02-19 17:30:00', 'Completed'),
(79, 79, 79, '2025-02-19 18:00:00', 'Scheduled'),
(80, 80, 80, '2025-02-19 18:30:00', 'Cancelled');

-- Records Table
INSERT INTO Records (recordID, patientID, doctorID, prescription, dateTime) VALUES
(1, 1, 1, 'Paracetamol 500mg, Twice a day for 3 days', '2025-02-16 09:00:00'),
(2, 2, 2, 'Amoxicillin 250mg, Once a day for 7 days', '2025-02-16 09:30:00'),
(3, 3, 3, 'Ibuprofen 200mg, Twice a day for 5 days', '2025-02-16 10:00:00'),
(4, 4, 4, 'Cetirizine 10mg, Once a day for 5 days', '2025-02-16 10:30:00'),
(5, 5, 5, 'Doxycycline 100mg, Twice a day for 7 days', '2025-02-16 11:00:00'),
(6, 6, 6, 'Metformin 500mg, Twice a day for 14 days', '2025-02-16 11:30:00'),
(7, 7, 7, 'Omeprazole 20mg, Once a day for 10 days', '2025-02-16 12:00:00'),
(8, 8, 8, 'Lisinopril 10mg, Once a day for 7 days', '2025-02-16 12:30:00'),
(9, 9, 9, 'Losartan 50mg, Once a day for 14 days', '2025-02-16 13:00:00'),
(10, 10, 10, 'Amlodipine 5mg, Once a day for 7 days', '2025-02-16 13:30:00'),
(11, 11, 11, 'Furosemide 40mg, Once a day for 5 days', '2025-02-16 14:00:00'),
(12, 12, 12, 'Prednisone 10mg, Once a day for 7 days', '2025-02-16 14:30:00'),
(13, 13, 13, 'Loratadine 10mg, Once a day for 10 days', '2025-02-16 15:00:00'),
(14, 14, 14, 'Ciprofloxacin 500mg, Twice a day for 7 days', '2025-02-16 15:30:00'),
(15, 15, 15, 'Simvastatin 20mg, Once a day for 30 days', '2025-02-16 16:00:00'),
(16, 16, 16, 'Glibenclamide 5mg, Once a day for 14 days', '2025-02-16 16:30:00'),
(17, 17, 17, 'Levothyroxine 50mcg, Once a day for 30 days', '2025-02-16 17:00:00'),
(18, 18, 18, 'Dexamethasone 4mg, Once a day for 5 days', '2025-02-16 17:30:00'),
(19, 19, 19, 'Fluoxetine 20mg, Once a day for 30 days', '2025-02-16 18:00:00'),
(20, 20, 20, 'Zolpidem 10mg, Once a day at bedtime for 7 days', '2025-02-16 18:30:00'),
(21, 21, 21, 'Metoprolol 50mg, Twice a day for 14 days', '2025-02-17 09:00:00'),
(22, 22, 22, 'Tramadol 50mg, Twice a day for 7 days', '2025-02-17 09:30:00'),
(23, 23, 23, 'Atorvastatin 40mg, Once a day for 30 days', '2025-02-17 10:00:00'),
(24, 24, 24, 'Hydrochlorothiazide 12.5mg, Once a day for 14 days', '2025-02-17 10:30:00'),
(25, 25, 25, 'Allopurinol 100mg, Once a day for 10 days', '2025-02-17 11:00:00'),
(26, 26, 26, 'Candesartan 16mg, Once a day for 30 days', '2025-02-17 11:30:00'),
(27, 27, 27, 'Budesonide 200mcg, Twice a day for 7 days', '2025-02-17 12:00:00'),
(28, 28, 28, 'Clonazepam 0.5mg, Once a day at bedtime for 10 days', '2025-02-17 12:30:00'),
(29, 29, 29, 'Pantoprazole 40mg, Once a day for 14 days', '2025-02-17 13:00:00'),
(30, 30, 30, 'Bisoprolol 5mg, Once a day for 30 days', '2025-02-17 13:30:00'),
(31, 31, 31, 'Amoxicillin 500mg, Three times a day for 7 days', '2025-02-17 14:00:00'),
(32, 32, 32, 'Loperamide 2mg, As needed for diarrhea', '2025-02-17 14:30:00'),
(33, 33, 33, 'Ranitidine 150mg, Once a day for 14 days', '2025-02-17 15:00:00'),
(34, 34, 34, 'Metformin 1000mg, Twice a day for 30 days', '2025-02-17 15:30:00'),
(35, 35, 35, 'Losartan 25mg, Once a day for 14 days', '2025-02-17 16:00:00'),
(36, 36, 36, 'Ibuprofen 400mg, Twice a day for 5 days', '2025-02-17 16:30:00'),
(37, 37, 37, 'Prednisone 5mg, Once a day for 7 days', '2025-02-17 17:00:00'),
(38, 38, 38, 'Omeprazole 40mg, Once a day for 30 days', '2025-02-17 17:30:00'),
(39, 39, 39, 'Hydroxychloroquine 200mg, Once a day for 14 days', '2025-02-17 18:00:00'),
(40, 40, 40, 'Cetirizine 10mg, Once a day for 7 days', '2025-02-17 18:30:00'),
(41, 41, 41, 'Metoprolol 100mg, Once a day for 14 days', '2025-02-18 09:00:00'),
(42, 42, 42, 'Gabapentin 300mg, Twice a day for 14 days', '2025-02-18 09:30:00'),
(43, 43, 43, 'Clindamycin 300mg, Three times a day for 7 days', '2025-02-18 10:00:00'),
(44, 44, 44, 'Pantoprazole 20mg, Once a day for 14 days', '2025-02-18 10:30:00'),
(45, 45, 45, 'Carbamazepine 200mg, Twice a day for 14 days', '2025-02-18 11:00:00'),
(46, 46, 46, 'Triazolam 0.25mg, Once a day at bedtime for 7 days', '2025-02-18 11:30:00'),
(47, 47, 47, 'Azithromycin 500mg, Once a day for 5 days', '2025-02-18 12:00:00'),
(48, 48, 48, 'Folic acid 1mg, Once a day for 30 days', '2025-02-18 12:30:00'),
(49, 49, 49, 'Methylprednisolone 4mg, Once a day for 5 days', '2025-02-18 13:00:00'),
(50, 50, 50, 'Divalproex sodium 250mg, Twice a day for 14 days', '2025-02-18 13:30:00'),
(51, 51, 51, 'Amoxicillin 250mg, Three times a day for 10 days', '2025-02-18 14:00:00'),
(52, 52, 52, 'Levofloxacin 500mg, Once a day for 7 days', '2025-02-18 14:30:00'),
(53, 53, 53, 'Chlorpheniramine 4mg, Twice a day for 7 days', '2025-02-18 15:00:00'),
(54, 54, 54, 'Clonidine 0.1mg, Twice a day for 14 days', '2025-02-18 15:30:00'),
(55, 55, 55, 'Metoclopramide 10mg, Three times a day for 7 days', '2025-02-18 16:00:00'),
(56, 56, 56, 'Loratadine 10mg, Once a day for 7 days', '2025-02-18 16:30:00'),
(57, 57, 57, 'Citalopram 20mg, Once a day for 30 days', '2025-02-18 17:00:00'),
(58, 58, 58, 'Enalapril 5mg, Once a day for 30 days', '2025-02-18 17:30:00'),
(59, 59, 59, 'Lansoprazole 15mg, Once a day for 10 days', '2025-02-18 18:00:00'),
(60, 60, 60, 'Diphenhydramine 25mg, Twice a day for 5 days', '2025-02-18 18:30:00'),
(61, 61, 61, 'Hydrocodone 10mg, Every 4 hours for pain', '2025-02-19 09:00:00'),
(62, 62, 62, 'Azithromycin 250mg, Once a day for 5 days', '2025-02-19 09:30:00'),
(63, 63, 63, 'Insulin glargine 10 units, Once a day', '2025-02-19 10:00:00'),
(64, 64, 64, 'Warfarin 2mg, Once a day for 30 days', '2025-02-19 10:30:00'),
(65, 65, 65, 'Alprazolam 0.5mg, Once a day at bedtime for 14 days', '2025-02-19 11:00:00'),
(66, 66, 66, 'Benzonatate 100mg, Twice a day for 7 days', '2025-02-19 11:30:00'),
(67, 67, 67, 'Levothyroxine 100mcg, Once a day for 30 days', '2025-02-19 12:00:00'),
(68, 68, 68, 'Loratadine 10mg, Once a day for 7 days', '2025-02-19 12:30:00'),
(69, 69, 69, 'Fexofenadine 180mg, Once a day for 10 days', '2025-02-19 13:00:00'),
(70, 70, 70, 'Mirtazapine 15mg, Once a day at bedtime for 14 days', '2025-02-19 13:30:00'),
(71, 71, 71, 'Sildenafil 50mg, Once a day as needed', '2025-02-19 14:00:00'),
(72, 72, 72, 'Prednisone 20mg, Once a day for 7 days', '2025-02-19 14:30:00'),
(73, 73, 73, 'Methotrexate 10mg, Once a week', '2025-02-19 15:00:00'),
(74, 74, 74, 'Tamsulosin 0.4mg, Once a day for 14 days', '2025-02-19 15:30:00'),
(75, 75, 75, 'Sumatriptan 50mg, Once a day as needed', '2025-02-19 16:00:00'),
(76, 76, 76, 'Folic acid 5mg, Once a day for 30 days', '2025-02-19 16:30:00'),
(77, 77, 77, 'Acetaminophen 500mg, Every 4 hours for pain', '2025-02-19 17:00:00'),
(78, 78, 78, 'Verapamil 120mg, Once a day for 30 days', '2025-02-19 17:30:00'),
(79, 79, 79, 'Hydroxyurea 500mg, Once a day for 30 days', '2025-02-19 18:00:00'),
(80, 80, 80, 'Levetiracetam 500mg, Twice a day for 14 days', '2025-02-19 18:30:00');

-- LabTest Table
INSERT INTO LabTest (recordID, dateTime, labID, result) VALUES
(1, '2024-01-01 08:30:00', 1, 'Normal'),
(2, '2024-01-02 09:00:00', 2, 'Slightly Elevated'),
(3, '2024-01-03 10:15:00', 3, 'Within Normal Range'),
(4, '2024-01-04 11:45:00', 4, 'Deficiency Detected'),
(5, '2024-01-05 12:30:00', 5, 'No Abnormalities Found'),
(6, '2024-01-06 14:00:00', 6, 'Elevated Enzyme Levels'),
(7, '2024-01-07 15:15:00', 7, 'Potential Infection Detected'),
(8, '2024-01-08 16:30:00', 8, 'Normal Blood Count'),
(9, '2024-01-09 17:45:00', 9, 'Iron Deficiency'),
(10, '2024-01-10 08:15:00', 10, 'Cholesterol Level High'),
(11, '2024-01-11 09:30:00', 11, 'Mild Dehydration'),
(12, '2024-01-12 10:45:00', 12, 'No Signs of Infection'),
(13, '2024-01-13 12:00:00', 13, 'Positive for Bacterial Infection'),
(14, '2024-01-14 13:15:00', 14, 'Low Vitamin D Levels'),
(15, '2024-01-15 14:30:00', 15, 'Glucose Levels Stable'),
(16, '2024-01-16 15:45:00', 16, 'Liver Function Normal'),
(17, '2024-01-17 17:00:00', 17, 'No Abnormal Growths Detected'),
(18, '2024-01-18 18:15:00', 18, 'Kidney Function Good'),
(19, '2024-01-19 08:45:00', 19, 'Signs of Mild Anemia'),
(20, '2024-01-20 10:00:00', 20, 'Thyroid Levels Normal'),
(21, '2024-01-21 11:30:00', 21, 'Minor Inflammation Detected'),
(22, '2024-01-22 12:45:00', 22, 'No Pathogens Found'),
(23, '2024-01-23 14:00:00', 23, 'Borderline High Uric Acid'),
(24, '2024-01-24 15:30:00', 24, 'Mild Liver Dysfunction'),
(25, '2024-01-25 16:45:00', 25, 'Calcium Levels Normal'),
(26, '2024-01-26 18:00:00', 26, 'Electrolyte Balance Good'),
(27, '2024-01-27 08:15:00', 27, 'No Allergens Detected'),
(28, '2024-01-28 09:30:00', 28, 'Platelet Count Low'),
(29, '2024-01-29 10:45:00', 29, 'Red Blood Cells Normal'),
(30, '2024-01-30 12:00:00', 30, 'No Autoimmune Markers Found'),
(31, '2024-02-01 13:15:00', 31, 'Blood Pressure Within Limits'),
(32, '2024-02-02 14:30:00', 32, 'Positive for Viral Infection'),
(33, '2024-02-03 15:45:00', 33, 'No Liver Damage'),
(34, '2024-02-04 17:00:00', 34, 'Infection Cleared'),
(35, '2024-02-05 18:15:00', 35, 'Blood Sugar Levels Good'),
(36, '2024-02-06 08:45:00', 36, 'Normal Hemoglobin Levels'),
(37, '2024-02-07 10:00:00', 37, 'Cholesterol Slightly High'),
(38, '2024-02-08 11:30:00', 38, 'Mild Risk of Osteoporosis'),
(39, '2024-02-09 12:45:00', 39, 'Vitamin B12 Deficiency'),
(40, '2024-02-10 14:00:00', 40, 'Healthy Immune Response'),
(41, '2024-02-11 15:30:00', 41, 'Electrolyte Levels Normal'),
(42, '2024-02-12 16:45:00', 42, 'Hormone Levels Stable'),
(43, '2024-02-13 18:00:00', 43, 'No Signs of Diabetes'),
(44, '2024-02-14 08:15:00', 44, 'Normal Enzyme Activity'),
(45, '2024-02-15 09:30:00', 45, 'Healthy Red Blood Cell Count'),
(46, '2024-02-16 10:45:00', 46, 'Minor Digestive Issues'),
(47, '2024-02-17 12:00:00', 47, 'No Infection Detected'),
(48, '2024-02-18 13:15:00', 48, 'Liver Enzymes Normal'),
(49, '2024-02-19 14:30:00', 49, 'Slight Anemia Detected'),
(50, '2024-02-20 15:45:00', 50, 'No Heart Disease Indicators'),
(51, '2024-02-21 17:00:00', 51, 'Low Sodium Levels'),
(52, '2024-02-22 18:15:00', 52, 'Normal Iron Levels'),
(53, '2024-02-23 08:45:00', 53, 'Calcium Slightly Low'),
(54, '2024-02-24 10:00:00', 54, 'No Autoimmune Disorders'),
(55, '2024-02-25 11:30:00', 55, 'Vitamin C Levels Optimal'),
(56, '2024-02-26 12:45:00', 56, 'Stable Kidney Function'),
(57, '2024-02-27 14:00:00', 57, 'Healthy Blood Oxygen Levels'),
(58, '2024-02-28 15:30:00', 58, 'No Infection Found'),
(59, '2024-02-29 16:45:00', 59, 'Liver Function Test Normal'),
(60, '2024-03-01 18:00:00', 60, 'No Clotting Issues'),
(61, '2024-03-02 08:15:00', 61, 'Normal Thyroid Function'),
(62, '2024-03-03 09:30:00', 62, 'Mild Risk of Anemia'),
(63, '2024-03-04 10:45:00', 63, 'Blood Glucose Normal'),
(64, '2024-03-05 12:00:00', 64, 'No Signs of Infection'),
(65, '2024-03-06 13:15:00', 65, 'Healthy Platelet Count'),
(66, '2024-03-07 14:30:00', 66, 'Blood Sugar Slightly Elevated'),
(67, '2024-03-08 15:45:00', 67, 'Iron Levels Good'),
(68, '2024-03-09 17:00:00', 68, 'Vitamin A Levels Normal'),
(69, '2024-03-10 18:15:00', 69, 'Hormone Balance Good'),
(70, '2024-03-11 08:45:00', 70, 'Electrolyte Stability'),
(71, '2024-03-12 10:00:00', 71, 'Glucose Levels Healthy'),
(72, '2024-03-13 11:30:00', 72, 'No Major Issues'),
(73, '2024-03-14 12:45:00', 73, 'Normal Blood Composition'),
(74, '2024-03-15 14:00:00', 74, 'Slight Deficiency Detected'),
(75, '2024-03-16 15:30:00', 75, 'Healthy RBC Levels'),
(76, '2024-03-17 16:45:00', 76, 'No Liver Damage'),
(77, '2024-03-18 18:00:00', 77, 'Thyroid Function Good'),
(78, '2024-03-19 08:15:00', 78, 'Normal Hematology'),
(79, '2024-03-20 09:30:00', 79, 'Stable Health Condition'),
(80, '2024-03-21 10:45:00', 80, 'No Infections Detected');

-- Transaction Table
INSERT INTO Transaction (transactionID, dateTime, amount, patientID, recordID, itemID, paymentMode, discount) VALUES
(1, '2024-01-01 08:30:00', 500.00, 1, 1, NULL, 'Cash', 10.00),
(2, '2024-01-02 09:00:00', 1200.50, 2, 2, NULL, 'Credit Card', 5.00),
(3, '2024-01-03 10:15:00', 750.00, 3, NULL, 1, 'Insurance', 0.00),
(4, '2024-01-04 11:45:00', 300.75, 4, 4, NULL, 'Online', 15.00),
(5, '2024-01-05 12:30:00', 980.00, 5, NULL, 2, 'Cash', 8.00),
(6, '2024-01-06 14:00:00', 450.00, 6, 6, NULL, 'Credit Card', 12.00),
(7, '2024-01-07 15:15:00', 1150.99, 7, NULL, 3, 'Insurance', 5.00),
(8, '2024-01-08 16:30:00', 680.25, 8, 8, NULL, 'Online', 7.50),
(9, '2024-01-09 17:45:00', 890.50, 9, NULL, 4, 'Cash', 10.00),
(10, '2024-01-10 08:15:00', 1300.00, 10, 10, NULL, 'Credit Card', 3.00),
(11, '2024-01-11 09:30:00', 250.00, 11, NULL, 5, 'Insurance', 0.00),
(12, '2024-01-12 10:45:00', 1450.75, 12, 12, NULL, 'Online', 9.00),
(13, '2024-01-13 12:00:00', 670.50, 13, NULL, 6, 'Cash', 6.00),
(14, '2024-01-14 13:15:00', 550.00, 14, 14, NULL, 'Credit Card', 10.00),
(15, '2024-01-15 14:30:00', 800.00, 15, NULL, 7, 'Insurance', 2.00),
(16, '2024-01-16 15:45:00', 920.99, 16, 16, NULL, 'Online', 8.50),
(17, '2024-01-17 17:00:00', 470.25, 17, NULL, 8, 'Cash', 12.00),
(18, '2024-01-18 18:15:00', 1020.75, 18, 18, NULL, 'Credit Card', 5.50),
(19, '2024-01-19 08:45:00', 390.00, 19, NULL, 9, 'Insurance', 0.00),
(20, '2024-01-20 10:00:00', 1200.00, 20, 20, NULL, 'Online', 4.00),
(21, '2024-01-21 11:30:00', 630.99, 21, NULL, 10, 'Cash', 7.00),
(22, '2024-01-22 12:45:00', 750.50, 22, 22, NULL, 'Credit Card', 10.00),
(23, '2024-01-23 14:00:00', 980.00, 23, NULL, 11, 'Insurance', 3.00),
(24, '2024-01-24 15:30:00', 450.75, 24, 24, NULL, 'Online', 6.50),
(25, '2024-01-25 16:45:00', 1120.25, 25, NULL, 12, 'Cash', 9.00),
(26, '2024-01-26 18:00:00', 590.50, 26, 26, NULL, 'Credit Card', 5.00),
(27, '2024-01-27 08:15:00', 860.99, 27, NULL, 13, 'Insurance', 0.00),
(28, '2024-01-28 09:30:00', 1030.25, 28, 28, NULL, 'Online', 7.50),
(29, '2024-01-29 10:45:00', 710.00, 29, NULL, 14, 'Cash', 4.00),
(30, '2024-01-30 12:00:00', 1290.75, 30, 30, NULL, 'Credit Card', 12.00),
(31, '2024-02-01 13:15:00', 480.50, 31, NULL, 15, 'Insurance', 0.00),
(32, '2024-02-02 14:30:00', 1150.99, 32, 32, NULL, 'Online', 8.50),
(33, '2024-02-03 15:45:00', 630.25, 33, NULL, 16, 'Cash', 9.00),
(34, '2024-02-04 17:00:00', 920.50, 34, 34, NULL, 'Credit Card', 5.00),
(35, '2024-02-05 18:15:00', 1200.00, 35, NULL, 17, 'Insurance', 3.00),
(36, '2024-02-06 08:45:00', 780.75, 36, 36, NULL, 'Online', 7.00),
(37, '2024-02-07 10:00:00', 650.50, 37, NULL, 18, 'Cash', 10.00),
(38, '2024-02-08 11:30:00', 890.99, 38, 38, NULL, 'Credit Card', 6.00),
(39, '2024-02-09 12:45:00', 470.00, 39, NULL, 19, 'Insurance', 0.00),
(40, '2024-02-10 14:00:00', 1300.25, 40, 40, NULL, 'Online', 9.00),
(41, '2024-02-11 15:30:00', 730.99, 41, NULL, 21, 'Cash', 8.00),
(42, '2024-02-12 16:45:00', 990.50, 42, 42, NULL, 'Credit Card', 5.50),
(43, '2024-02-13 18:00:00', 450.00, 43, NULL, 22, 'Insurance', 2.00),
(44, '2024-02-14 08:15:00', 1120.75, 44, 44, NULL, 'Online', 7.00),
(45, '2024-02-15 09:30:00', 550.25, 45, NULL, 23, 'Cash', 6.50),
(46, '2024-02-16 10:45:00', 920.99, 46, 46, NULL, 'Credit Card', 4.00),
(47, '2024-02-17 12:00:00', 680.50, 47, NULL, 24, 'Insurance', 0.00),
(48, '2024-02-18 13:15:00', 1030.25, 48, 48, NULL, 'Online', 9.50),
(49, '2024-02-19 14:30:00', 750.99, 49, NULL, 25, 'Cash', 10.00),
(50, '2024-02-20 15:45:00', 1200.50, 50, 50, NULL, 'Credit Card', 3.00),
(51, '2024-02-21 17:00:00', 460.00, 51, NULL, 26, 'Insurance', 5.00),
(52, '2024-02-22 18:15:00', 990.75, 52, 52, NULL, 'Online', 6.00),
(53, '2024-02-23 08:45:00', 540.99, 53, NULL, 27, 'Cash', 8.50),
(54, '2024-02-24 10:00:00', 800.25, 54, 54, NULL, 'Credit Card', 10.00),
(55, '2024-02-25 11:30:00', 1350.50, 55, NULL, 28, 'Insurance', 0.00),
(56, '2024-02-26 12:45:00', 680.99, 56, 56, NULL, 'Online', 7.50),
(57, '2024-02-27 14:00:00', 1100.00, 57, NULL, 29, 'Cash', 9.00),
(58, '2024-02-28 15:30:00', 790.75, 58, 58, NULL, 'Credit Card', 5.50),
(59, '2024-02-29 16:45:00', 560.50, 59, NULL, 30, 'Insurance', 0.00),
(60, '2024-03-01 18:00:00', 1280.25, 60, 60, NULL, 'Online', 4.50),
(61, '2024-03-02 08:15:00', 670.99, 61, NULL, 31, 'Cash', 10.00),
(62, '2024-03-03 09:30:00', 970.50, 62, 62, NULL, 'Credit Card', 3.50),
(63, '2024-03-04 10:45:00', 340.25, 63, NULL, 32, 'Insurance', 7.00),
(64, '2024-03-05 12:00:00', 1050.99, 64, 64, NULL, 'Online', 5.00),
(65, '2024-03-06 13:15:00', 780.75, 65, NULL, 33, 'Cash', 8.00),
(66, '2024-03-07 14:30:00', 1250.00, 66, 66, NULL, 'Credit Card', 2.50),
(67, '2024-03-08 15:45:00', 530.99, 67, NULL, 34, 'Insurance', 0.00),
(68, '2024-03-09 17:00:00', 910.25, 68, 68, NULL, 'Online', 6.50),
(69, '2024-03-10 18:15:00', 620.50, 69, NULL, 35, 'Cash', 9.00),
(70, '2024-03-11 08:45:00', 970.99, 70, 70, NULL, 'Credit Card', 4.00),
(71, '2024-03-12 10:00:00', 480.25, 71, NULL, 36, 'Insurance', 0.00),
(72, '2024-03-13 11:30:00', 1320.50, 72, 72, NULL, 'Online', 7.50),
(73, '2024-03-14 12:45:00', 700.99, 73, NULL, 37, 'Cash', 6.00),
(74, '2024-03-15 14:00:00', 1130.25, 74, 74, NULL, 'Credit Card', 5.50),
(75, '2024-03-16 15:30:00', 620.50, 75, NULL, 38, 'Insurance', 2.00),
(76, '2024-03-17 16:45:00', 1090.75, 76, 76, NULL, 'Online', 8.00),
(77, '2024-03-18 18:00:00', 590.99, 77, NULL, 39, 'Cash', 10.00),
(78, '2024-03-19 08:15:00', 900.25, 78, 78, NULL, 'Credit Card', 3.50),
(79, '2024-03-20 09:30:00', 410.50, 79, NULL, 40, 'Insurance', 0.00),
(80, '2024-03-21 10:45:00', 960.75, 80, 80, NULL, 'Online', 5.00);

select * from doctor;